EF#,Location,County / Parish,State,Start Coord.,Time (UTC),Path length,Max width,Summary,Refs
EF0,E of Fort Stockton,Pecos,TX,30°49′44″N 102°33′32″W﻿ / ﻿30.829°N 102.559°W,21:43–21:55,2 mi (3.2 km),N/A,Spotters and emergency management observed a tornado. No damage occurred.,[1]
EF2,ESE of Culbertson to NW of McCook,Red Willow,NE,40°12′12″N 100°45′37″W﻿ / ﻿40.2034°N 100.7604°W,22:55–23:01,6 mi (9.7 km),350 yd (320 m),"This strong tornado destroyed 6 grain bins, 5 farm outbuildings, and produced significant damage to a house, where it collapsed brick walls, lifted half of the structure's roof, and completely removed the garage. A combine sustained damage when it was struck by a grain bin. Windows of cars and homes were shattered, wooden and barbed wire fences were damaged, irrigation pivots were overturned, and numerous trees were snapped.",[2]
EF0,SW of Stockville,Frontier,NE,N/A,23:32–23:33,0.1 mi (0.16 km),20 yd (18 m),A tornado briefly touched down. No damage occurred.,[3]
EF0,Northwestern Stockville,Frontier,NE,N/A,23:45–23:46,0.1 mi (0.16 km),50 yd (46 m),A tornado briefly touched down in a field at the northwestern edge of Stockville. No damage occurred.,[3]
EF0,NE of Stockville,Frontier,NE,40°34′N 100°20′W﻿ / ﻿40.56°N 100.34°W,23:55–23:56,0.5 mi (0.80 km),315 yd (288 m),"Several 1,400 lb (640 kg) hay bales were moved, damaging two fences.",[3]
EF2,NE of Stockville,Frontier,NE,40°35′N 100°19′W﻿ / ﻿40.58°N 100.31°W,23:58–00:00,0.56 mi (0.90 km),178 yd (163 m),"Numerous 1,400 lb (640 kg) hay bales were rolled across the road, and twelve power poles were snapped.",[3]
EF3,NE of Stockville to SW of Farnam,Frontier,NE,40°36′N 100°16′W﻿ / ﻿40.60°N 100.26°W,00:05–00:09,2.12 mi (3.41 km),400 yd (370 m),"A large pole barn was destroyed at a farm, along with a well-built, anchor-bolted garage structure that was swept completely away. A house at this farm was heavily damaged and shifted off of its foundation. A semi-truck and several pivot irrigation systems were overturned, and a large semi-trailer was thrown across a road.",[3]
EF0,NE of Stockville,Frontier,NE,40°40′N 100°11′W﻿ / ﻿40.67°N 100.18°W,00:12–00:13,0.25 mi (0.40 km),45 yd (41 m),A tree trunk was twisted and many large tree limbs were broken.,[3]
EF1,W of Eustis to NE of Farnam,"Frontier, Dawson",NE,40°40′N 100°12′W﻿ / ﻿40.66°N 100.20°W,00:15–00:16,4.50 mi (7.24 km),400 yd (370 m),"This tornado downed large tree limbs, uprooted trees, and caused minor damage to homes. Grain bins and outbuildings were damaged or destroyed, and a garage was pushed off its foundation.",[3]
EFU,"NNW of Forgan, OK","Beaver (OK), Meade (KS)","OK, KS",36°57′44″N 100°33′49″W﻿ / ﻿36.9622°N 100.5635°W,00:32–00:39,3.9 mi (6.3 km),50 yd (46 m),Storm chasers filmed a tornado crossing the Oklahoma/Kansas state line. No damage was observed.,[4]
EF1,NE of Cozad,Dawson,NE,40°51′38″N 99°57′11″W﻿ / ﻿40.8606°N 99.953°W,00:54–01:10,10.17 mi (16.37 km),600 yd (550 m),Trees and power poles were broken. A large farm machinery shed was demolished and several irrigation pivots were overturned.,[5]
EF0,W of Eddyville,Dawson,NE,41°00′09″N 99°45′31″W﻿ / ﻿41.0026°N 99.7586°W,01:15–01:17,1.58 mi (2.54 km),150 yd (140 m),A storm chaser reported a rain-wrapped tornado. No damage occurred.,[5]
EF1,SE of Oconto,Custer,NE,41°04′N 99°53′W﻿ / ﻿41.07°N 99.88°W,01:30–01:31,0.1 mi (0.16 km),92 yd (84 m),"A pole barn was damaged, a tree trunk was snapped, and a house sustained minor porch damage. A horse trailer was rolled over two wooden fences and one metal fence before it landed in a horse corral.",[3]
EFU,SW of Meade,Meade,KS,37°00′06″N 100°32′35″W﻿ / ﻿37.0017°N 100.5431°W,00:39–00:45,3.9 mi (6.3 km),50 yd (46 m),"This tornado remained over open country, causing no damage.",[6]
EF3,SE of Fowler to W of Ford,"Meade, Clark, Ford",KS,37°21′01″N 100°08′16″W﻿ / ﻿37.3504°N 100.1379°W,01:37–02:22,26.3 mi (42.3 km),600 yd (550 m),"This strong, long-tracked tornado passed near the towns of Minneola and Bloom, significantly damaging multiple farmsteads. A semi-truck was blown off the road near the beginning of the path. Homes sustained major structural damage, including roof and exterior wall loss. Barns and outbuildings were completely destroyed, including a metal-framed structure that was severely mangled. Farm machinery was thrown and damaged, trees were snapped and denuded, and a wooden projectile was speared into a dirt road.",[6]
EF2,NE of Ford to SW of Kinsley,"Ford, Edwards",KS,37°40′44″N 99°42′44″W﻿ / ﻿37.6789°N 99.7122°W,02:30–02:58,14.9 mi (24.0 km),875 yd (800 m),"A high-end EF2 wedge tornado snapped, denuded, and uprooted numerous trees. A house was damaged, a truck had its windows blown-out, and a large motorhome was overturned. Large metal grain bins were crumpled and destroyed, and several barns and outbuildings were destroyed as well.",[6]
EF2,Lewis to N of Belpre,Edwards,KS,37°56′26″N 99°15′06″W﻿ / ﻿37.9406°N 99.2516°W,03:19–03:37,10.9 mi (17.5 km),565 yd (517 m),"This tornado touched down in Lewis, where numerous trees were downed, a semi-truck was flipped, outbuildings were destroyed, and minor structural damage occurred. Elsewhere along the path, pivot irrigation systems were flipped, and homes and outbuildings sustained significant damage at several farmsteads.",[6]
EF2,N of Eldorado,Schleicher,TX,31°02′18″N 100°35′35″W﻿ / ﻿31.0382°N 100.5931°W,07:07–07:13,2.2 mi (3.5 km),250 yd (230 m),"Tree damage occurred, a stone house had its roof torn off, and a vehicle was moved. One person was injured.",[7]
EF2,N of Knickerbocker to San Angelo,Tom Green,TX,31°19′23″N 100°39′00″W﻿ / ﻿31.3230°N 100.6501°W,09:57–10:51,18 mi (29 km),"1,760 yd (1,610 m)","This damaging tornado touched down near Knickerbocker, causing severe roof and exterior wall damage to a house and destroying a large garage structure. A gymnasium had a cinder block exterior wall blown out as well. The tornado weakened and entered the southwest side of San Angelo, and then moved northeastward through the downtown area. Damage along this portion of the path consisted of minor shingle and chimney damage to homes and a restaurant, downed fences and tree limbs, and damage to a gas station awning. A few trees were also uprooted in downtown San Angelo. High-end EF2 damage occurred in the northern part of the city, where several homes had their roofs torn off, a few of which sustained partial collapse of exterior walls. Many other homes sustained minor to moderate roof damage. A car was thrown into the front wall of one house, and a roof shingle was found impaled into a sheet metal fence in this area.",[7][8]
EF2,Western Abilene,Taylor,TX,32°25′09″N 99°50′20″W﻿ / ﻿32.4191°N 99.8388°W,10:43–10:53,5.2 mi (8.4 km),388 yd (355 m),"A strong tornado touched down to the east of Dyess Air Force Base in Abilene and moved through the western part of the city. A manufactured building at an elementary school was destroyed, and homes sustained partial to total roof loss. Vehicles were moved and damaged by flying debris, and a storage facility was significantly damaged with sheet metal debris scattered throughout the area. Power poles were snapped, and many trees were downed, some of which landed on homes.",[7][8]
EF1,N of Abilene,"Taylor, Jones",TX,32°29′28″N 97°44′14″W﻿ / ﻿32.4910°N 97.7372°W,10:56–11:18,9 mi (14 km),550 yd (500 m),A tornado damaged a business in northern Abilene and tore a billboard. Numerous trees were damaged and two residences were unroofed.,[9]
EF3,SSW of Lowake to Northwestern Ballinger,"Concho, Runnels",TX,31°30′51″N 100°05′33″W﻿ / ﻿31.5142°N 100.0926°W,11:52–12:31,18.9 mi (30.4 km),"1,760 yd (1,610 m)","In and around Lowake, this large and intense multiple-vortex tornado destroyed numerous outbuildings and an RV camper, and tossed a large metal storage tank. Farther along the path, a home lost its roof and exterior walls. As the tornado passed to the east of Rowena, two additional homes sustained total roof and exterior wall loss, and a large brick commercial building was leveled. Past Rowena, the tornado swept away a poorly-anchored home, leaving only the concrete foundation slab behind. Nearby vehicles were tossed and damaged, and trees were partially debarked. The tornado struck the northwest part of Ballinger before dissipating, where several homes were left with only interior rooms standing, the athletic fields at the local high school sustained major damage, and a water tower was punctured by flying debris, resulting in a major water leak. Numerous trees and power poles were snapped along the path, and pivot irrigation systems were flipped and twisted. One person was injured.",[7][8]
EF2,E of Geronimo,Comanche,OK,34°28′N 98°20′W﻿ / ﻿34.47°N 98.33°W,12:37–12:38,0.5 mi (0.80 km),60 yd (55 m),A brief but strong tornado ripped the roofs and exterior walls off of two homes. One person suffered a minor injury.,[10]
EF3,NE of Benoit,Runnels,TX,31°50′06″N 99°46′45″W﻿ / ﻿31.8350°N 99.7791°W,12:52–13:02,5.9 mi (9.5 km),"1,760 yd (1,610 m)","A significant tornado collapsed metal truss towers, bent large metal power line pylons to the ground, and completely swept away a metal-framed outbuilding. Another metal outbuilding was damaged, power poles were leaned, and trees were snapped or uprooted, some of which were severely debarked.",[7][8]
EF3,NW of Coleman,Coleman,TX,31°51′37″N 99°35′38″W﻿ / ﻿31.8604°N 99.5939°W,13:20–13:43,8.2 mi (13.2 km),300 yd (270 m),"This intense tornado destroyed a cabin, outbuildings, and trees. The second floor of a well-built home was removed, and two exterior walls were collapsed as well.",[7]
EF0,W of Bixby,Tulsa,OK,35°55′43″N 95°56′47″W﻿ / ﻿35.9285°N 95.9464°W,16:03–16:08,3.7 mi (6.0 km),350 yd (320 m),"A weak tornado blew the roof off an outbuilding, caused minor damage to homes, and snapped tree limbs",[11]
EF1,E of Claremore to SW of Adair,"Rogers, Mayes",OK,36°18′18″N 95°27′17″W﻿ / ﻿36.3049°N 95.4547°W,16:58–17:11,>10.1 mi (16.3 km),>400 yd (370 m),"Multiple homes sustained minor damage, and numerous trees were snapped or uprooted. Some power poles were also snapped.",[11]
EF0,NW of Langley,Mayes,OK,N/A,17:32–17:35,2.1 mi (3.4 km),100 yd (91 m),Outbuildings were damaged and power poles were blown down. Some tree limbs were also damaged.,[11]
EF1,N of McCurtain,Haskell,OK,N/A,18:13–18:15,1 mi (1.6 km),100 yd (91 m),Several trees were uprooted.,[11]
EF1,"SSW of Arkoma, OK to Fort Smith, AR","Le Flore (OK), Sebastian (AR)","OK, AR",35°20′24″N 94°26′17″W﻿ / ﻿35.3400°N 94.4381°W,18:55–19:04,5.3 mi (8.5 km),450 yd (410 m),"A tornado impacted southwestern Arkoma, damaging trees, before crossing into Arkansas and striking Fort Smith. There, numerous homes and businesses sustained roof damage and broken windows. Power poles were snapped, and numerous large trees were downed, some of which landed on homes and caused major structural damage.",[11]
EF1,Northern Greenwood,Sebastian,AR,35°13′13″N 94°17′31″W﻿ / ﻿35.2203°N 94.2919°W,18:59–19:04,3.5 mi (5.6 km),600 yd (550 m),"Numerous trees were snapped or uprooted, power poles were snapped, and homes sustained roof damage in the northern part of Greenwood.",[11]
EF1,Southeastern Fort Smith,"Sebastian, Crawford",AR,35°20′46″N 94°18′59″W﻿ / ﻿35.3462°N 94.3164°W,19:04–19:09,2.9 mi (4.7 km),400 yd (370 m),Numerous trees were snapped or uprooted and homes were damaged in the southeastern part of Fort Smith.,[11]
EF1,SE of Lavaca to NNE of Charleston,"Sebastian, Franklin",AR,35°17′09″N 94°07′01″W﻿ / ﻿35.2857°N 94.1170°W,19:10–19:19,7.3 mi (11.7 km),"1,000 yd (910 m)",Numerous trees were snapped or uprooted and chicken houses were damaged.,[11]
EF1,Mulberry,Crawford,AR,35°17′09″N 94°07′01″W﻿ / ﻿35.2857°N 94.1170°W,19:25–19:27,1.6 mi (2.6 km),300 yd (270 m),"A brief tornado impacted Mulberry, uprooting trees and damaging homes.",[11]
EF1,NW of New Chapel Hill,Smith,TX,32°18′44″N 95°12′31″W﻿ / ﻿32.3121°N 95.2087°W,22:45–22:48,0.71 mi (1.14 km),200 yd (180 m),"The roofs of two metal outbuildings and a single family home were damaged, along with a Dairy Queen sign. Trees were snapped and uprooted as well.",[12]
EF0,W of Slovak,Prairie,AR,34°40′N 91°38′W﻿ / ﻿34.66°N 91.64°W,22:55,N/A,N/A,A tornado caused minor damage to grain bins.,[13]
EF1,SE of Town Bluff,"Tyler, Jasper",TX,30°45′21″N 94°08′45″W﻿ / ﻿30.7557°N 94.1459°W,06:07–06:09,1.1 mi (1.8 km),600 yd (550 m),"Numerous trees were snapped or uprooted, including one that fell on a mobile home, injuring a man inside. Twenty-two power poles were damaged.",[14]
EF1,SW of Jasper,Jasper,TX,30°47′56″N 94°04′51″W﻿ / ﻿30.7988°N 94.0808°W,06:21–06:30,3.1 mi (5.0 km),100 yd (91 m),"A mobile home was severely damaged, and numerous pine trees were snapped.",[15]
EF0,W of Mora,Natchitoches,LA,31°22′24″N 92°59′56″W﻿ / ﻿31.3732°N 92.9990°W,07:02–07:05,1.24 mi (2.00 km),80 yd (73 m),Several large tree branches were snapped.,[12]
EF1,SSW of Mangham to WNW of Delhi,Richland,LA,32°17′07″N 91°47′32″W﻿ / ﻿32.2852°N 91.7922°W,07:45–08:11,19.54 mi (31.45 km),700 yd (640 m),"Several outbuildings sustained minor damage, and many trees were snapped or uprooted.",[16]
EF1,N of Singer,Beauregard,LA,30°42′10″N 93°24′59″W﻿ / ﻿30.7028°N 93.4165°W,08:14–08:18,2.9 mi (4.7 km),600 yd (550 m),Numerous pine trees were snapped or uprooted.,[15]
EF1,NE of Singer,Beauregard,LA,30°43′36″N 93°22′43″W﻿ / ﻿30.7266°N 93.3785°W,08:19–08:24,2.6 mi (4.2 km),800 yd (730 m),Several barns and mobile homes were damaged. Numerous pine trees were snapped or uprooted.,[15]
EF1,SW of DeRidder,Beauregard,LA,30°46′39″N 93°20′42″W﻿ / ﻿30.7775°N 93.3449°W,08:26–08:30,2.7 mi (4.3 km),250 yd (230 m),Trees were snapped along the path.,[15]
EF1,WNW of Elizabeth,Allen,LA,30°51′58″N 92°49′58″W﻿ / ﻿30.866°N 92.8327°W,09:40–09:47,2.51 mi (4.04 km),50 yd (46 m),"Numerous softwood trees were snapped, and shingles were ripped off a home.",[15]
EF1,S of Oakdale,Allen,LA,30°42′33″N 92°39′45″W﻿ / ﻿30.7093°N 92.6624°W,10:03–10:14,1.3 mi (2.1 km),900 yd (820 m),"Numerous softwood trees and power poles were snapped, and some trees caused roof damage to homes upon falling.",[15]
EF0,SSE of Mamou,Evangeline,LA,30°36′16″N 92°24′32″W﻿ / ﻿30.6044°N 92.4090°W,10:42–10:43,0.31 mi (0.50 km),50 yd (46 m),A manufactured home was pulled off its blocks.,[15]
EF1,E of Mamou,Evangeline,LA,30°36′34″N 92°20′04″W﻿ / ﻿30.6095°N 92.3345°W,10:47–11:06,9.1 mi (14.6 km),400 yd (370 m),The roof of one house was ripped off and several others were severely damaged by this high-end EF1 tornado. One manufactured home was demolished and a second was flipped. Trees were snapped as well.,[17]
EF1,Ville Platte,Evangeline,LA,30°41′01″N 92°17′28″W﻿ / ﻿30.6837°N 92.2911°W,10:50–10:59,2.68 mi (4.31 km),600 yd (550 m),Numerous trees and power poles were snapped in town.,[15]
EF0,Montpelier,St. Helena,LA,30°40′47″N 90°39′10″W﻿ / ﻿30.6796°N 90.6528°W,13:30–13:31,0.2 mi (0.32 km),30 yd (27 m),This tornado damaged the roof of a business and knocked a tree onto a mobile home in Montpelier.,[18]
EF0,NNE of Lacey,Barry,MI,42°32′00″N 85°10′28″W﻿ / ﻿42.5334°N 85.1745°W,22:25–22:28,1.3 mi (2.1 km),50 yd (46 m),"Three barns on a farm were damaged, a telephone pole was blown down, and about a dozen trees were snapped or uprooted.",[19]
EF0,E of Huron,Fresno,CA,36°12′N 119°59′W﻿ / ﻿36.20°N 119.99°W,22:41,0.05 mi (0.080 km),N/A,A brief tornado was observed.,[20]
EF1,W of Cocalico,Lancaster,PA,40°17′19″N 76°12′23″W﻿ / ﻿40.2886°N 76.2063°W,00:03,1 mi (1.6 km),125 yd (114 m),"Some mobile homes sustained minor damage, and a storage shed was destroyed. Three homes sustained roof damage, one of which lost its roof entirely. Three minor injuries were caused by flying debris. Many trees were downed with some falling on the Pennsylvania Turnpike, prompting its temporary closure.",[21]
EF1,NW of Eaton,Preble,OH,39°45′10″N 84°42′15″W﻿ / ﻿39.7529°N 84.7042°W,00:39–00:46,4.4 mi (7.1 km),150 yd (140 m),"Numerous trees were snapped or uprooted, one of which fell on and caused facade damage to a home. A second house suffered significant roof removal and siding damage. A power pole was downed, a barn was partially collapsed, and another residence had its siding ripped off.",[22]
EF1,West Alexandria to N of New Lebanon,"Preble, Montgomery",OH,39°44′06″N 84°32′42″W﻿ / ﻿39.7349°N 84.5450°W,00:50–01:01,7.6 mi (12.2 km),120 yd (110 m),"The most significant damage from this tornado occurred at an industrial facility in West Alxandria, where an old masonry building lost part of its roof and suffered the collapse of most of its east-facing wall. A modern industrial building saw minor roof and facade damage, and a dumpster was lofted about 100 ft (30 m) from its original location. Numerous trees were snapped or uprooted in town, and an outbuilding sustained roof damage. Farther along the path, barns and outbuildings were damaged or destroyed, and sheet metal was scattered through fields. Homes sustained roof damage, and many trees were snapped or uprooted. Fencing was downed, a street sign was thrown into a field, and a swing set was tossed as well.",[23]
EF1,Huber Heights,Montgomery,OH,39°51′03″N 84°08′59″W﻿ / ﻿39.8509°N 84.1497°W,01:22–01:24,1 mi (1.6 km),150 yd (140 m),Numerous homes suffered minor roof and siding damage in a residential area of Huber Heights. One home had its porch awning lifted and blown into the road. Numerous trees were snapped or uprooted as well.,[24]
EF1,Tinicum Township,Bucks,PA,40°29′34″N 75°08′25″W﻿ / ﻿40.4929°N 75.1404°W,01:51,0.25 mi (0.40 km),100 yd (91 m),"Dozens of trees were snapped or uprooted, and three camping trailers were significantly damaged by fallen trees.",[25]
EFU,N of Flagstaff,Coconino,AZ,N/A,N/A,N/A,N/A,"A brief tornado remained over open country, causing no damage.",[26]
EF0,SW of Wellington,Collingsworth,TX,34°47′11″N 100°17′06″W﻿ / ﻿34.7864°N 100.2851°W,20:29–20:30,0.35 mi (0.56 km),50 yd (46 m),Small tree limbs were broken by this weak tornado.,[27]
EF1,S of Chicopee,Cherokee,KS,37°20′N 94°45′W﻿ / ﻿37.33°N 94.75°W,21:14–21:19,2.21 mi (3.56 km),440 yd (400 m),"Numerous trees were damaged or snapped, and outbuildings were damaged or destroyed.",[28]
EF1,"S of Pittsburg, KS to SE of Mindenmines, MO","Crawford (KS), Barton (MO)","KS, MO",37°21′N 94°43′W﻿ / ﻿37.35°N 94.71°W,21:23–21:34,10.63 mi (17.11 km),"1,200 yd (1,100 m)","Outbuildings, grain bins, carports, and barns were damaged or destroyed, and homes sustained roof damage as a result of this large tornado. Many trees were snapped or uprooted, and a mobile home was overturned as well.",[29]
EF3,SE of Odessa,"Ector, Midland",TX,31°45′35″N 102°14′17″W﻿ / ﻿31.7597°N 102.2380°W,22:23–22:38,5.75 mi (9.25 km),225 yd (206 m),"Power poles were broken, and some pump jacks were toppled along with other oil field equipment. Extensive ground scouring occurred as this intense tornado moved across open oil fields.",[30]
EF0,NE of Fort Myers,Lee,FL,26°40′05″N 81°49′17″W﻿ / ﻿26.6681°N 81.8214°W,22:48–22:50,0.1 mi (0.16 km),30 yd (27 m),A tornado damaged a mobile home before dissipating and reforming as a waterspout over the Caloosahatchee River.,[31]
EF2,SE of Midland,Midland,TX,31°41′43″N 101°58′24″W﻿ / ﻿31.6953°N 101.9734°W,23:52–00:02,6.63 mi (10.67 km),150 yd (140 m),"Two RV campers and a two mobile homes were destroyed, and power poles were snapped.",[30]
EF2,Western Mangum,Greer,OK,34°49′N 99°37′W﻿ / ﻿34.81°N 99.61°W,22:12–22:29,11 mi (18 km),[to be determined],"This large, strong tornado touched down to the southwest of Mangum, heavily damaging two homes, and completely destroying garages and outbuildings. Trees were snapped, vehicles were moved and damaged, and ground scouring occurred in open fields. The tornado weakened and narrowed as it entered the west side of town, tearing sections of roofing from an apartment building before dissipating.",[32]
EF1,E of Winchester,Okmulgee,OK,35°47′38″N 95°50′43″W﻿ / ﻿35.7940°N 95.8454°W,03:02–03:11,4.4 mi (7.1 km),450 yd (410 m),A home was damaged and an outbuilding was destroyed. Trees and power poles were also downed.,[33]
EF2,SW of Peggs to NW of Kansas,"Cherokee, Delaware",OK,36°03′09″N 95°09′13″W﻿ / ﻿36.0526°N 95.1535°W,03:29–03:56,21 mi (34 km),"2,700 yd (2,500 m)","A strong, massive wedge tornado struck the town of Peggs, where a general store was damaged, storage buildings were destroyed, a manufactured home was damaged, and a brick home sustained total roof loss and some collapse of exterior walls. Elsewhere along the path, chicken houses and manufactured homes were damaged, outbuildings were destroyed, and numerous trees and power poles were snapped. One person was injured.",[33]
EF1,S of Salina,Mayes,OK,36°16′03″N 95°08′57″W﻿ / ﻿36.2675°N 95.1491°W,03:35–03:43,3.6 mi (5.8 km),"1,100 yd (1,000 m)",Power poles were snapped and trees were uprooted.,[33]
EF1,W of Leach to NW of Kansas,Delaware,OK,36°12′13″N 94°57′12″W﻿ / ﻿36.2036°N 94.9533°W,03:54–04:04,6.9 mi (11.1 km),600 yd (550 m),"Homes and outbuildings were damaged, and trees were snapped or uprooted. This tornado crossed the damage path of the EF2 tornado that struck Peggs.",[33]
EF1,Noble,"McClain, Cleveland",OK,35°07′N 97°27′W﻿ / ﻿35.11°N 97.45°W,08:45–08:50,4 mi (6.4 km),250 yd (230 m),Trees and barns were damaged.,[32]
EF1,NE of Norman,Cleveland,OK,35°13′N 97°22′W﻿ / ﻿35.22°N 97.36°W,08:57–09:07,4 mi (6.4 km),50 yd (46 m),Several trees were damaged.,[32]
EF0,SSE of Lake Stanley Draper,Cleveland,OK,35°17′N 97°19′W﻿ / ﻿35.28°N 97.32°W,09:13–09:14,0.25 mi (0.40 km),20 yd (18 m),A brief tornado damaged trees.,[32]
EF1,NW of Stella,Cleveland,OK,35°22′N 97°15′W﻿ / ﻿35.36°N 97.25°W,09:22–09:24,1.4 mi (2.3 km),30 yd (27 m),An outbuilding and several trees were damaged.,[32]
EF2,E of Dale,Pottawatomie,OK,35°23′N 97°02′W﻿ / ﻿35.39°N 97.03°W,09:33–09:42,2.6 mi (4.2 km),400 yd (370 m),"A mobile home was destroyed, and some tree trunks were snapped.",[32]
EF0,ENE of Aydelotte to ESE of Meeker,"Lincoln, Pottawatomie",OK,35°28′N 96°52′W﻿ / ﻿35.46°N 96.86°W,09:50–09:55,2.3 mi (3.7 km),30 yd (27 m),Two outbuildings and a few trees were damaged.,[32]
EF1,NW of Sapulpa,Creek,OK,N/A,11:08–11:11,1.6 mi (2.6 km),N/A,"A tornado developed just south of Sahoma Lake and quickly traversed it. A debris ball signature was apparent on radar during the event; however, survey teams were unable to access these areas. The tornado's path and intensity are based on radar data.",[34]
EF0,Tulsa,Tulsa,OK,36°10′15″N 95°58′26″W﻿ / ﻿36.1708°N 95.9739°W,11:29,0.4 mi (0.64 km),N/A,"Radar data depicted a debris ball over an industrial area of Tulsa; however, survey teams were unable to fully survey the affected area.",[34]
EF1,Tulsa,Tulsa,OK,36°10′27″N 95°58′21″W﻿ / ﻿36.1742°N 95.9725°W,11:31–11:35,2.3 mi (3.7 km),535 yd (489 m),"A tornado touched down in Tulsa and tracked east across Pine Street. Many homes, trees, and power poles were damaged. One person was injured when a tree fell on his home.",[34]
EFU,N of Tulsa,Tulsa,OK,36°14′00″N 95°54′55″W﻿ / ﻿36.2334°N 95.9153°W,11:37–11:39,0.7 mi (1.1 km),N/A,Radar data depicted a debris ball northwest of Tulsa International Airport and local residents reported a tornado. Widespread flooding precluded the NWS from conducting a damage survey.,[34]
EF0,NNE of Owasso,Tulsa,OK,36°18′56″N 95°49′23″W﻿ / ﻿36.3156°N 95.8231°W,11:48–11:49,0.6 mi (0.97 km),115 yd (105 m),Local law enforcement reported a tornado; large tree branches were snapped.,[34]
EF0,WSW of Bassville,Greene,MO,37°20′N 93°11′W﻿ / ﻿37.33°N 93.19°W,18:06–18:07,1.18 mi (1.90 km),100 yd (91 m),"An outbuilding was blown off its foundation, a barn had its roof blown off, and some homes sustained minor shingle damage. Several trees were also uprooted.",[35]
EF1,W of Marshfield,Webster,MO,37°19′N 92°59′W﻿ / ﻿37.32°N 92.98°W,19:48–19:55,7 mi (11 km),100 yd (91 m),A tornado along an intermittent path damaged the roofs of structures and snapped or uprooted trees.,[36]
EF1,W of Mansfield to W of Manes,Wright,MO,37°06′28″N 92°36′43″W﻿ / ﻿37.1077°N 92.6120°W,20:17–20:40,21.75 mi (35.00 km),200 yd (180 m),"A grocery store in Hartville had its storefront collapsed and the back of the store blown in. Several trees were snapped and uprooted, with some falling onto a home.",[37]
EF1,E of Beulah to ESE of Edgar Springs,Phelps,MO,37°38′N 91°51′W﻿ / ﻿37.63°N 91.85°W,21:18–21:28,5.86 mi (9.43 km),800 yd (730 m),Hundreds of trees were snapped.,[38]
EF1,SSE of Enterprise to S of Chapman,Dickinson,KS,38°50′36″N 97°06′01″W﻿ / ﻿38.8433°N 97.1004°W,21:32–21:48,7.69 mi (12.38 km),100 yd (91 m),Trees and power lines were damaged.,[39]
EF0,E of Chapman to ENE of Milford,"Dickinson, Geary",KS,38°58′46″N 96°59′32″W﻿ / ﻿38.9794°N 96.9923°W,21:52–22:23,17.73 mi (28.53 km),150 yd (140 m),"This tornado was intermittent in nature and stayed over rural areas, producing no observable damage.",[39]
EF1,E of Yucatan,Callaway,MO,38°51′15″N 91°43′41″W﻿ / ﻿38.8542°N 91.728°W,22:05–22:08,0.57 mi (0.92 km),250 yd (230 m),"A small barn was destroyed, and some trees were damaged.",[40]
EF1,W of Labadie to NE of Augusta,"Franklin, St. Charles",MO,38°31′55″N 90°53′36″W﻿ / ﻿38.5319°N 90.8934°W,22:58–23:10,6 mi (9.7 km),250 yd (230 m),"A few roofs were blown off barns and outbuildings, and some homes sustained minor structural damage. Extensive tree damage also occurred.",[40]
EF0,E of Rossville to SW of Mayetta,"Shawnee, Jackson",KS,39°07′54″N 95°54′50″W﻿ / ﻿39.1318°N 95.9140°W,23:10–23:32,12.64 mi (20.34 km),75 yd (69 m),Trees and power lines were damaged.,[41]
EF2,SW of Mayetta to S of Whiting,Jackson,KS,39°19′41″N 95°43′52″W﻿ / ﻿39.3281°N 95.7311°W,23:38–00:00,17.18 mi (27.65 km),75 yd (69 m),"Several structures were damaged, including one house that sustained low-end EF2 damage.",[42]
EF0,Waterloo,Monroe,IL,38°21′50″N 90°09′39″W﻿ / ﻿38.3638°N 90.1609°W,00:01–00:02,0.35 mi (0.56 km),50 yd (46 m),Minor structural and tree damage occurred on the northern side of Waterloo.,[43]
EF1,SW of Oneida,Nemaha,KS,39°49′07″N 95°58′33″W﻿ / ﻿39.8185°N 95.9758°W,00:06–00:13,3.05 mi (4.91 km),50 yd (46 m),Outbuildings at one residence were damaged.,[44]
EF1,NW of Effingham,Atchison,KS,N/A,00:08–00:17,4.5 mi (7.2 km),30 yd (27 m),An EF1 tornado touched down northwest of Effingham.,[45]
EF3,Bern,Nemaha,KS,39°55′27″N 95°56′01″W﻿ / ﻿39.9243°N 95.9335°W,00:20–00:28,5.92 mi (9.53 km),300 yd (270 m),This tornado caused low-end EF3 damage to a home. Trees and power lines were also damaged.,[44]
EF1,SE of Anita,Cass,IA,41°24′31″N 94°45′09″W﻿ / ﻿41.4087°N 94.7524°W,06:04–06:06,1.1 mi (1.8 km),50 yd (46 m),An old barn was demolished and its remains were tossed up to 0.3 mi (0.48 km) away.,[46]
EF2,Adair,"Adair, Guthrie",IA,41°27′21″N 94°37′30″W﻿ / ﻿41.4557°N 94.6249°W,06:29–06:37,4.8 mi (7.7 km),150 yd (140 m),"1 death - A single-family home and outbuildings sustained extensive damage. Residences and outbuildings just south of there also received some damage, and one person was injured.",[46]
EF1,SE of IXL,Okfuskee,OK,35°29′37″N 96°21′38″W﻿ / ﻿35.4935°N 96.3606°W,21:47–21:49,0.8 mi (1.3 km),75 yd (69 m),A brief tornado destroyed several outbuildings and snapped tree limbs.,[47]
EF1,Okfuskee,Okfuskee,OK,35°36′24″N 96°13′45″W﻿ / ﻿35.6066°N 96.2292°W,22:10–22:12,0.6 mi (0.97 km),125 yd (114 m),A brief tornado damaged farmsteads and lofted hay bales.,[47]
EF1,E of Okemah,Okfuskee,OK,35°25′53″N 96°13′00″W﻿ / ﻿35.4313°N 96.2168°W,22:23–22:33,6 mi (9.7 km),650 yd (590 m),"Tornado formed just north of Interstate 40 and damaged homes, snapped trees, and destroyed outbuildings.",[47]
EF1,ENE of Okemah,"Okfuskee, Okmulgee",OK,35°29′25″N 96°09′38″W﻿ / ﻿35.4903°N 96.1605°W,22:32–22:50,7.7 mi (12.4 km),400 yd (370 m),A tornado snapped numerous trees.,[47]
EF1,W of Bluejacket,Craig,OK,36°46′53″N 95°15′08″W﻿ / ﻿36.7813°N 95.2521°W,23:44–23:53,5.1 mi (8.2 km),350 yd (320 m),A tornado snapped or uprooted numerous trees.,[47]
EF1,"WNW of Cardin, OK, to Treece, KS","Ottawa (OK), Cherokee (KS)","OK, KS",36°57′13″N 94°55′48″W﻿ / ﻿36.9535°N 94.9301°W,00:25–00:36,7.5 mi (12.1 km),"1,320 yd (1,210 m)",A tornado snapped or uprooted numerous trees.,[47][48]
EF3,Carl Junction,Jasper,MO,37°07′N 94°37′W﻿ / ﻿37.11°N 94.62°W,01:05–01:19,9 mi (14 km),440 yd (400 m),Numerous homes suffered damage to their roofs and exterior walls. Several power poles were snapped or leaning. Numerous trees were snapped as well. This tornado struck areas just a few miles north of Joplin on the eighth anniversary of a catastrophic EF5 tornado that killed 161 people.,[49][50]
EF1,NE of Pryor,Mayes,OK,36°18′50″N 95°18′39″W﻿ / ﻿36.3138°N 95.3108°W,01:09–01:19,3.1 mi (5.0 km),650 yd (590 m),A tornado damaged outbuildings and uprooted trees.,[47]
EF1,NE of Sutter,Hancock,IL,40°19′55″N 91°19′20″W﻿ / ﻿40.3319°N 91.3222°W,01:17–01:18,0.5 mi (0.80 km),30 yd (27 m),"A barn was completely destroyed, a power pole was snapped, and a large tree was uprooted.",[51]
EF0,N of Armstrong,Howard,MO,39°17′23″N 92°41′52″W﻿ / ﻿39.2897°N 92.6979°W,01:19–01:22,0.6 mi (0.97 km),40 yd (37 m),The walls and doors of an outbuilding were collapsed.,[52][8]
EF0,NE of Oronogo,Jasper,MO,37°12′N 94°27′W﻿ / ﻿37.20°N 94.45°W,01:27–01:35,8 mi (13 km),200 yd (180 m),Numerous large trees were snapped.,[53]
EF3,Golden City,Barton,MO,37°19′N 94°14′W﻿ / ﻿37.31°N 94.24°W,01:51–02:13,12 mi (19 km),880 yd (800 m),"3 deaths – Numerous homes sustained roof or exterior wall damage. A number of mobile homes were damaged or destroyed. Several power poles were snapped, and numerous trees were snapped. One person was injured.",[54]
EF1,Salina,Mayes,OK,36°15′58″N 95°10′06″W﻿ / ﻿36.2661°N 95.1683°W,01:52–02:02,5.3 mi (8.5 km),400 yd (370 m),Storm chasers reported a large cone tornado; numerous trees were snapped or uprooted.,[47]
EF0,WNW Rush Hill to S of Santa Fe,Audrain,MO,39°15′32″N 91°49′47″W﻿ / ﻿39.2588°N 91.8296°W,03:02–03:03,0.83 mi (1.34 km),150 yd (140 m),"A barn sustained extensive damage, and several trees were also damaged.",[55]
EF2,Jay to E of Grove,"Delaware (OK), McDonald (MO)","OK, MO",36°25′51″N 94°48′49″W﻿ / ﻿36.4307°N 94.8135°W,02:34–04:07,>16.5 mi (26.6 km),"1,100 yd (1,000 m)","Several homes were severely damaged, numerous trees were snapped or uprooted, power poles were snapped, and outbuildings were destroyed.",[47]
EF0,E of Rushville,Schuyler,IL,N/A,02:56–02:59,1.8 mi (2.9 km),50 yd (46 m),A storm chaser photographed a tornado over an open field.,[56]
EF3,Eldon to Jefferson City,"Miller, Cole, Callaway",MO,38°20′N 92°37′W﻿ / ﻿38.33°N 92.61°W,03:56–04:45,32.38 mi (52.11 km),"1,500 yd (1,400 m)","1 death, 32 injuries – See section on this tornado",[57][58][59]
EF1,SW of Cantrall to W of Broadwell,"Sangamon, Menard, Logan",IL,N/A,05:15–05:27,15.3 mi (24.6 km),150 yd (140 m),"A fast-moving tornado snapped or uprooted numerous trees, damaged farmsteads, and destroyed multiple outbuildings.",[56]
EF1,N of Lincoln,Logan,IL,N/A,05:33–05:37,2.7 mi (4.3 km),100 yd (91 m),"A brief tornado damaged several outbuildings, one home, and snapped trees.",[56]
EF1,N of Ketchum,"Craig, Delaware",OK,36°35′38″N 95°02′19″W﻿ / ﻿36.5938°N 95.0387°W,05:48–06:00,8.6 mi (13.8 km),"1,100 yd (1,000 m)","A large tornado snapped or uprooted numerous trees, destroyed outbuildings, and damaged a mobile home.",[47]
EF1,Northern Cisco,Piatt,IL,N/A,06:10–06:12,1.5 mi (2.4 km),200 yd (180 m),"Numerous trees were damaged, several of which fell on structures.",[56]
EF1,Southern Laquey,Laclede,MO,N/A,06:49–07:10,11.09 mi (17.85 km),440 yd (400 m),Mobile homes were overturned and numerous trees were damaged.,[60]
EF1,Muncie,Vermilion,IL,N/A,07:06–07:08,1.6 mi (2.6 km),200 yd (180 m),A brief tornado snapped multiple power poles and downed trees; one home was damaged by a tree. A semi-trailer was overturned on Interstate 74.,[56]
EF1,NE of Marion,Grant,IN,40°35′42″N 85°34′26″W﻿ / ﻿40.595°N 85.574°W,09:15–09:17,0.1 mi (0.16 km),50 yd (46 m),"A metal farm building partially collapsed, with the resultant debris blown 0.5 mi (0.80 km) away.",[61]
EF0,WSW of Xenia,Clay,IL,N/A,13:15,0.1 mi (0.16 km),20 yd (18 m),A brief tornado occurred over open fields.,[56]
EF1,Clarksville to Columbia,Howard,MD,39°12′26″N 76°56′42″W﻿ / ﻿39.2072°N 76.9451°W,19:27–19:36,5.5 mi (8.9 km),150 yd (140 m),"A portion of roof from an office building was removed, and numerous trees were snapped or uprooted.",[62]
EF1,N of Pampa,Roberts,TX,35°43′21″N 100°59′33″W﻿ / ﻿35.7224°N 100.9926°W,23:14–23:28,9.11 mi (14.66 km),50 yd (46 m),"Tornado largely stayed over open fields, some power lines were damaged.",[63]
EF2,NW of Canadian,"Roberts, Lipscomb",TX,35°59′08″N 100°41′49″W﻿ / ﻿35.9856°N 100.6969°W,23:59–00:33,17.58 mi (28.29 km),900 yd (820 m),"Two manufactured homes being transported by truck were blown off a highway. Trees, power lines, oil/natural gas field equipment, and sheds were all damaged. The NWS Amarillo survey team noted that the tornado may have been larger and more intense when it crossed open fields; however, the lack of damage indicators precluded assessment of such.",[63]
EF0,NNE of Pampa,Roberts,TX,35°37′30″N 100°55′01″W﻿ / ﻿35.625°N 100.917°W,01:07–01:08,0.04 mi (0.064 km),20 yd (18 m),A brief tornado occurred over open fields.,[63]
EF0,Westmont,Cambria,PA,40°19′N 78°57′W﻿ / ﻿40.32°N 78.95°W,01:14,1.5 mi (2.4 km),300 yd (270 m),A swath of trees was damaged.,[64]
EF3,NNE of Follett to SSW of Laverne,"Lipscomb (TX), Beaver (OK), Ellis (OK), Harper (OK)","TX, OK",36°28′51″N 100°07′16″W﻿ / ﻿36.4807°N 100.1212°W,01:26–01:56,15.84 mi (25.49 km),"1,500 yd (1,400 m)","A large and strong tornado began in the Texas Panhandle, damaging fences, power poles, and trees consistent with EF2 intensity. The tornado continued into the Oklahoma Panhandle, where it grew to EF3 strength and destroyed a home while continuing to damage power poles and trees. A pickup truck at the residence was tossed 0.3 mi (0.48 km), though some of its associated parts were thrown over 0.5 mi (0.80 km).",[63][65]
EF0,WSW of Lipscomb,Lipscomb,TX,36°10′20″N 100°26′34″W﻿ / ﻿36.1721°N 100.4427°W,01:43–01:48,4.47 mi (7.19 km),75 yd (69 m),A brief tornado occurred over open fields.,[63]
EF1,Marysville,Marshall,KS,39°49′31″N 96°41′15″W﻿ / ﻿39.8254°N 96.6876°W,08:40–08:50,9.7 mi (15.6 km),50 yd (46 m),"A tornado moved through Marysville, blowing two 30,000 US gal (110,000 l) gas tanks across a highway, snapping numerous powerlines and trees, overturning a semi-truck, destroying an outbuilding, and damaging a building.",[66][67]
EF1,N of Seneca,Nemaha,KS,39°53′11″N 96°04′04″W﻿ / ﻿39.8863°N 96.0678°W,09:19–09:25,6 mi (9.7 km),50 yd (46 m),An EF1 tornado impacted a farmstead and subsequently remained over rural areas.,[66]
EF1,N of Industry,McDonough,IL,40°19′35″N 90°38′12″W﻿ / ﻿40.3264°N 90.6368°W,17:33–17:38,2.6 mi (4.2 km),50 yd (46 m),Outbuildings were destroyed at two farmsteads. Large trees and power poles were snapped or uprooted.,[68]
EF1,NE of Industry,McDonough,IL,40°22′03″N 90°33′34″W﻿ / ﻿40.3674°N 90.5595°W,17:41–17:45,1.9 mi (3.1 km),30 yd (27 m),Outbuildings were destroyed while power poles and trees were snapped.,[68]
EF0,W of Lewistown,Fulton,IL,N/A,18:10,N/A,N/A,Emergency management reported a brief tornado.,[56]
EF0,Douglass,Butler,KS,N/A,21:19–21:21,1 mi (1.6 km),75 yd (69 m),Trees were damaged. Roof removed. Fence torn to pieces.,[69]
EF1,Leal,Barnes,ND,47°07′N 98°19′W﻿ / ﻿47.11°N 98.31°W,22:24–22:31,4 mi (6.4 km),150 yd (140 m),"A small shed was destroyed, with pieces of the building impaled into the side of a home. Roofing was ripped from another house and a grain storage building. Trees were snapped in shelter belts.",[70]
EF0,Rogers,Barnes,ND,47°05′N 98°05′W﻿ / ﻿47.08°N 98.08°W,23:11–23:12,0.25 mi (0.40 km),75 yd (69 m),Large branches were tossed from trees.,[70]
EF0,NW of Hope,Steele,ND,47°19′N 97°49′W﻿ / ﻿47.32°N 97.81°W,23:20–23:28,5 mi (8.0 km),150 yd (140 m),A tornado wrapped in downburst winds snapped poplar trees in a shelter belt.,[70]
EF1,Iowa City,Johnson,IA,41°34′08″N 91°43′15″W﻿ / ﻿41.5689°N 91.7208°W,23:37–00:04,11.5 mi (18.5 km),75 yd (69 m),"Outbuildings and large trailers were destroyed, rooftops were damaged, and trees were snapped or uprooted.",[71]
EF0,N of Waubun,Mahnomen,MN,47°11′N 96°04′W﻿ / ﻿47.18°N 96.07°W,00:22–00:36,7.4 mi (11.9 km),200 yd (180 m),Large tree branches were snapped. Two separate weather stations recorded gusts of 73 mph (117 km/h).,[70]
EF0,NE of West Branch,Cedar,IA,41°43′43″N 91°18′34″W﻿ / ﻿41.7285°N 91.3094°W,00:27–00:28,0.04 mi (0.064 km),10 yd (9.1 m),Tree damage occurred at a farmstead.,[71]
EF1,N of Waubun,Mahnomen,MN,47°13′N 95°59′W﻿ / ﻿47.21°N 95.98°W,00:30–00:35,3.5 mi (5.6 km),200 yd (180 m),Several trees were snapped.,[70]
EF0,Longview Lake,Jackson,MO,38°52′23″N 94°26′36″W﻿ / ﻿38.8731°N 94.4434°W,01:00,0.25 mi (0.40 km),50 yd (46 m),"A brief, weak EF0 tornado touched down near Longview Lake.",[72]
EF0,Lake Lotawana,Jackson,MO,38°54′55″N 94°16′06″W﻿ / ﻿38.9152°N 94.2683°W,01:08,0.68 mi (1.09 km),25 yd (23 m),"A brief, weak EF0 tornado touched down near Lake Lotawana.",[73]
EF0,NE of Altamont,Lafayette,MO,39°55′04″N 94°02′55″W﻿ / ﻿39.9178°N 94.0487°W,01:19–01:25,2.73 mi (4.39 km),40 yd (37 m),"A carport and outbuilding were damaged, as well as several trees.",[74]
EF1,Carollton,Carroll,OH,40°34′52″N 81°05′42″W﻿ / ﻿40.581°N 81.095°W,21:42,1 mi (1.6 km),50 yd (46 m),"A single-wide mobile home was overturned, and several other homes had their shingles ripped off. A metal shed was destroyed and numerous trees were snapped.",[75]
EFU,WSW of Anton,Hockley,TX,33°46′47″N 102°17′52″W﻿ / ﻿33.7796°N 102.2978°W,21:59–22:01,1 mi (1.6 km),N/A,Flooded roads prevented the survey team from assessing damage. More information will be available shortly.,[76]
EF2,N of Plainview,Hale,TX,34°13′45″N 101°42′45″W﻿ / ﻿34.2293°N 101.7126°W,22:39–22:44,0.89 mi (1.43 km),100 yd (91 m),"A mobile home and two outbuildings were destroyed, and tin roofs were blown off storage buildings. A trussed cell phone tower was destroyed and fell onto a road.",[76]
EFU,N of Cotton Center,Hale,TX,34°00′08″N 102°03′24″W﻿ / ﻿34.0022°N 102.0567°W,23:08–23:16,4.66 mi (7.50 km),100 yd (91 m),"A few pieces of farm equipment were moved, but this was not sufficient evidence to warrant an EF-rating.",[76]
EF1,Burrell,Indiana,PA,40°26′58″N 79°16′24″W﻿ / ﻿40.4495°N 79.2732°W,00:27,0.75 mi (1.21 km),35 yd (32 m),"One homes roof was damaged, and at least 30 trees were snapped or uprooted.",[77]
EF0,Homer City,Indiana,PA,40°32′04″N 79°12′42″W﻿ / ﻿40.5344°N 79.2118°W,00:32,0.085 mi (0.137 km),20 yd (18 m),"Some softwood trees were uprooted by this extremely small, short-tracked tornado.",[77]
EFU,SW of Memphis,Hall,TX,34°41′55″N 100°49′44″W﻿ / ﻿34.6986°N 100.8289°W,00:40–00:41,N/A,N/A,A very brief tornado was observed.,[76]
EF3,Southern El Reno,Canadian,OK,35°30′N 97°57′W﻿ / ﻿35.50°N 97.95°W,03:28–03:32,2.2 mi (3.5 km),75 yd (69 m),2 deaths – See section on this tornado,[78]
EF1,WNW of Green Valley,Tazewell,IL,N/A,04:14–04:16,1.2 mi (1.9 km),200 yd (180 m),The roof of a manufactured home was damaged.,[56]
EF1,N of Green Valley,Tazewell,IL,N/A,04:19–04:20,0.7 mi (1.1 km),150 yd (140 m),A large shed and an irrigation unit were damaged. A tree was uprooted.,[56]
EF1,N of Bristow,Creek,OK,35°54′04″N 96°26′58″W﻿ / ﻿35.9011°N 96.4495°W,05:04–05:07,2.6 mi (4.2 km),200 yd (180 m),"Outbuildings, as well as the roofs of several homes, were damaged. Trees were uprooted.",[79]
EF1,SW of Kellyville,Creek,OK,35°54′28″N 96°18′33″W﻿ / ﻿35.9079°N 96.3092°W,05:14–05:24,10.7 mi (17.2 km),"1,000 yd (910 m)",A large tornado snapped and uprooted trees and damaged many outbuildings.,[79]
EF1,Sapulpa,"Creek, Tulsa",OK,35°59′15″N 96°12′50″W﻿ / ﻿35.9876°N 96.2139°W,05:21–05:38,12.5 mi (20.1 km),"1,400 yd (1,300 m)","A large tornado snapped or uprooted numerous trees, damaged homes and businesses, and knocked down power poles.",[79]
EF1,SW of Sapulpa to Jenks,"Creek, Tulsa",OK,35°59′28″N 96°07′55″W﻿ / ﻿35.9911°N 96.1320°W,05:27–05:39,12.3 mi (19.8 km),"2,200 yd (2,000 m)","A very large tornado snapped or uprooted numerous trees, and damaged homes and businesses.",[79]
EF1,NE of Broken Arrow,Tulsa,OK,36°04′10″N 95°46′18″W﻿ / ﻿36.0694°N 95.7716°W,05:52–05:54,1.4 mi (2.3 km),350 yd (320 m),A tornado damaged the roofs of multiple homes and snapped large tree limbs.,[79]
EF1,Champaign,Champaign,IL,N/A,06:23–06:25,0.9 mi (1.4 km),250 yd (230 m),A brief tornado damaged numerous trees.,[56]
EF1,Urbana,Champaign,IL,N/A,06:27–06:29,0.9 mi (1.4 km),250 yd (230 m),"Numerous trees were damaged, and several buildings were damaged at the University of Illinois.",[56]
EF1,SW of St. Joseph,Champaign,IL,N/A,06:35–06:37,1 mi (1.6 km),250 yd (230 m),Trees were damaged.,[56]
EF0,E of Salina,Mayes,OK,36°17′50″N 95°05′20″W﻿ / ﻿36.2973°N 95.0889°W,06:44–06:47,3.2 mi (5.1 km),300 yd (270 m),Trees were snapped or uprooted.,[79]
EF0,S of Riverside,Bingham,ID,43°10′N 112°25′W﻿ / ﻿43.17°N 112.42°W,19:57–20:12,1.8 mi (2.9 km),100 yd (91 m),"Several trees were snapped or uprooted, though some were rotted or had shallow root systems. A resident measured a wind gust of 55 mph (89 km/h).",[80]
EFU,NE of Wiley,Prowers,CO,38°07′N 102°35′W﻿ / ﻿38.12°N 102.58°W,20:38,N/A,N/A,A tornado was observed by storm chasers and Prowers County dispatch.,[81]
EFU,S of McClave,Bent,CO,38°06′N 102°51′W﻿ / ﻿38.10°N 102.85°W,20:54–20:55,N/A,N/A,A tornado was observed by storm chasers.,[81]
EF1,W of Mingo,Thomas,KS,39°16′34″N 101°00′43″W﻿ / ﻿39.2762°N 101.0119°W,21:35–21:37,0.95 mi (1.53 km),328 yd (300 m),A home and several outbuildings were damaged.,[82]
EFU,NNE of the Sweetwater Reservoir,Kiowa,CO,38°24′N 102°45′W﻿ / ﻿38.40°N 102.75°W,22:10–22:11,N/A,N/A,A trained spotter observed a tornado.,[83]
EFU,NW of Keensburg,Weld,CO,40°07′N 104°32′W﻿ / ﻿40.12°N 104.53°W,22:38,N/A,N/A,A tornado observed over open fields.,[84]
EFU,NW of Roggen,Weld,CO,40°14′N 104°27′W﻿ / ﻿40.23°N 104.45°W,22:53,N/A,N/A,Tornado observed over open fields before becoming rain-wrapped; no damage occurred.,[84]
EF0,ENE of Pasamonte to WNW of Clayton,Union,NM,36°20′N 103°35′W﻿ / ﻿36.33°N 103.59°W,22:55–23:30,22 mi (35 km),75 yd (69 m),No damage information is available at this time.,[85]
EFU,W of Pawnee Buttes,Weld,CO,40°49′N 104°07′W﻿ / ﻿40.81°N 104.11°W,23:32–23:37,N/A,N/A,A tornado was observed over open fields.,[84]
EFU,NE of Watkins,Adams,CO,39°46′N 104°34′W﻿ / ﻿39.77°N 104.56°W,23:37,N/A,N/A,A brief tornado was observed over open fields.,[84]
EF0,NNW of Clayton,Union,NM,36°30′N 103°11′W﻿ / ﻿36.50°N 103.18°W,23:50–23:55,2.6 mi (4.2 km),50 yd (46 m),No damage information is available at this time.,[85]
EF0,SSE of Kenna,Roosevelt,NM,33°38′N 103°43′W﻿ / ﻿33.64°N 103.71°W,00:04–00:09,2.4 mi (3.9 km),50 yd (46 m),No damage information is available at this time.,[85]
EFU,SSE of Hugo,Lincoln,CO,39°04′N 103°26′W﻿ / ﻿39.07°N 103.43°W,00:08–00:18,N/A,N/A,A tornado was observed over open fields.,[84]
EFU,N of Sheridan Lake,Prowers,CO,38°35′N 102°17′W﻿ / ﻿38.59°N 102.29°W,00:20,N/A,N/A,A storm chaser photographed a tornado crossing U.S. Route 385.,[86]
EF1,SW of Upland,Franklin,NE,40°15′48″N 98°59′05″W﻿ / ﻿40.2632°N 98.9848°W,00:21–00:23,2.25 mi (3.62 km),500 yd (460 m),"A detached garage was completely destroyed, and one home and some trees sustained minor damage.",[87]
EF0,SW of Pep,Roosevelt,NM,33°44′N 103°26′W﻿ / ﻿33.74°N 103.43°W,00:25–00:27,0.8 mi (1.3 km),50 yd (46 m),No damage information is available at this time.,[85]
EF2,SE of Dora to NE of Rogers,Roosevelt,NM,33°53′17″N 103°18′01″W﻿ / ﻿33.888°N 103.3004°W,01:28–01:55,9.6 mi (15.4 km),200 yd (180 m),"This tornado tracked primarily across rural farmland, impacting only two homes. A well-built hay barn was destroyed and more than a dozen power poles were snapped. One power pole was snapped and lofted into the air before being driven into the ground 100 yd (91 m) away. Ground scouring was noted along State Road 114",[85]
EF0,NNE of Causey,Roosevelt,NM,33°59′53″N 103°04′48″W﻿ / ﻿33.998°N 103.08°W,01:57–02:02,2.1 mi (3.4 km),50 yd (46 m),No damage information is available at this time.,[85]
EF1,NE of Cimarron,Kansas,KS,37°49′16″N 100°20′22″W﻿ / ﻿37.8212°N 100.3394°W,03:49–03:50,0.75 mi (1.21 km),25 yd (23 m),No details available,[88]
EF1,N of Ford,Ford,KS,37°43′47″N 99°43′26″W﻿ / ﻿37.7297°N 99.7239°W,04:07–04:09,3 mi (4.8 km),50 yd (46 m),No details available,[88]
EF1,NE of Hanston,Hodgeman,KS,38°09′36″N 99°39′30″W﻿ / ﻿38.1601°N 99.6583°W,04:28–04:30,13 mi (21 km),25 yd (23 m),No details available,[88]
EF1,Near Byers,Pratt,KS,37°44′54″N 98°55′46″W﻿ / ﻿37.7483°N 98.9294°W,05:00–05:11,8.9 mi (14.3 km),100 yd (91 m),No details available,[88]
EF0,Linn,Washington,KS,39°40′59″N 97°05′05″W﻿ / ﻿39.6831°N 97.0846°W,07:22–07:23,0.1 mi (0.16 km),50 yd (46 m),"A brief tornado damaged an outdoor garage, a shed, and an elementary school.",[89]
EF0,N of Glenville,Freeborn,MN,43°35′01″N 93°16′40″W﻿ / ﻿43.5837°N 93.2778°W,17:07–17:08,0.6 mi (0.97 km),50 yd (46 m),A brief tornado caused tree damage in southern Minnesota.,[90]
EF1,Charles City,Floyd,IA,43°02′55″N 92°44′12″W﻿ / ﻿43.0486°N 92.7366°W,17:23–17:37,9.9 mi (15.9 km),105 yd (96 m),Many outbuildings at the Floyd County Fairgrounds were heavily damaged.,[91]
EF0,SW of Elma,Howard,IA,43°10′10″N 92°31′52″W﻿ / ﻿43.1695°N 92.5311°W,18:10–18:15,4 mi (6.4 km),25 yd (23 m),Two farms were damaged.,[91]
EF0,NNW of Chester,Fillmore,MN,43°32′54″N 92°23′25″W﻿ / ﻿43.5483°N 92.3902°W,18:23,0.2 mi (0.32 km),25 yd (23 m),A brief tornado flipped a shed.,[91]
EF3,ENE of Cantril,Van Buren,IA,40°41′13″N 91°59′54″W﻿ / ﻿40.687°N 91.9983°W,18:25–18:42,7.5 mi (12.1 km),100 yd (91 m),"A hunting cabin and a house were destroyed, with only small interior rooms left standing at the latter. Outbuildings and trees were downed; some trees were severely debarked.",[92][8]
EF1,S of Saratoga to Lime Springs,Howard,IA,43°17′51″N 92°26′03″W﻿ / ﻿43.2975°N 92.4343°W,18:25–18:43,12.7 mi (20.4 km),95 yd (87 m),"A tornado tracked through mostly farmland, damaging cattle and hog barns. A wind turbine was damaged near Highway 9.",[91]
EF0,W of Etna,Fillmore,MN,43°36′09″N 92°21′15″W﻿ / ﻿43.6025°N 92.3541°W,18:29,0.2 mi (0.32 km),15 yd (14 m),A brief tornado damaged trees at a cemetery.,[91]
EF1,Houghton,Lee,IA,40°46′45″N 91°36′36″W﻿ / ﻿40.7793°N 91.61°W,18:36–18:37,0.5 mi (0.80 km),20 yd (18 m),A brief tornado de-roofed a building.,[92]
EF0,E of Spring Valley,Fillmore,MN,43°41′01″N 92°19′43″W﻿ / ﻿43.6835°N 92.3286°W,18:40,0.3 mi (0.48 km),25 yd (23 m),A brief tornado damaged a cattle barn.,[91]
EF0,NNW of Plattville,Kendall,IL,41°34′24″N 88°24′49″W﻿ / ﻿41.5732°N 88.4136°W,18:47–18:48,1 mi (1.6 km),30 yd (27 m),A brief tornado occurred over open fields.,[93]
EF0,E of York,Fillmore,MN,43°29′55″N 92°15′36″W﻿ / ﻿43.4985°N 92.2599°W,18:49–18:58,6.5 mi (10.5 km),30 yd (27 m),"A tornado damaged a few cattle and hog barns, in addition to trees.",[91]
EF0,SW of Burlington,Des Moines,IA,40°45′30″N 91°11′38″W﻿ / ﻿40.7582°N 91.1938°W,19:03–19:05,0.1 mi (0.16 km),20 yd (18 m),A brief tornado was filmed; no damage occurred.,[92]
EF0,SW of Romeoville,Will,IL,41°37′03″N 88°08′15″W﻿ / ﻿41.6174°N 88.1374°W,19:04–19:14,3.3 mi (5.3 km),300 yd (270 m),A tornado produced light roof damage and downed tree limbs.,[93]
EFU,N of Strasburg,Adams,CO,39°51′N 104°18′W﻿ / ﻿39.85°N 104.30°W,19:43,N/A,N/A,A brief tornado occurred over open fields.,[94]
EF0,S of Dahinda,Knox,IL,40°56′N 90°06′W﻿ / ﻿40.94°N 90.10°W,20:15,0.1 mi (0.16 km),10 yd (9.1 m),A brief tornado occurred over open fields.,[56]
EFU,NNE of Fort Morgan,Morgan,CO,40°19′N 103°46′W﻿ / ﻿40.32°N 103.77°W,21:03,N/A,N/A,A brief tornado occurred over open fields.,[94]
EF0,S of Henning,Vermilion,IL,N/A,21:06,0.1 mi (0.16 km),10 yd (9.1 m),A brief tornado occurred over open fields.,[56]
EFU,ESE of Willard,Logan,CO,40°32′N 103°26′W﻿ / ﻿40.54°N 103.44°W,21:23,N/A,N/A,A brief tornado occurred over open fields.,[94]
EF0,SW of Paw Paw,Lee,IL,41°39′28″N 89°02′48″W﻿ / ﻿41.6579°N 89.0466°W,21:27–21:28,0.7 mi (1.1 km),30 yd (27 m),A brief tornado was observed.,[93]
EF0,SSE of Sauk Village,Cook,IL,41°28′57″N 87°32′47″W﻿ / ﻿41.4825°N 87.5464°W,21:27–21:30,0.8 mi (1.3 km),50 yd (46 m),Some roofs sustained minor damage and a light pole fell onto a car.,[93]
EF0,SSW of Dyer,Lake,IN,41°29′33″N 87°31′32″W﻿ / ﻿41.4924°N 87.5256°W,21:30–21:33,1.1 mi (1.8 km),100 yd (91 m),A brief tornado caused siding and shingle damage to multiple homes. Several trees were snapped along its path.,[93]
EF0,NW of Benson,Woodford,IL,40°53′N 89°10′W﻿ / ﻿40.88°N 89.16°W,21:38,0.1 mi (0.16 km),10 yd (9.1 m),A brief tornado occurred over open fields.,[56]
EFU,SE of Twin Falls,Elmore,ID,43°07′N 115°25′W﻿ / ﻿43.12°N 115.41°W,21:40,N/A,N/A,Radar and photo evidence were used to confirm a tornado.,[95]
EFU,S of Crook,Logan,CO,40°47′N 102°48′W﻿ / ﻿40.79°N 102.80°W,22:36,N/A,N/A,A brief tornado occurred over open fields.,[94]
EF0,SW of Marks Butte,Colorado,CO,40°47′N 102°33′W﻿ / ﻿40.79°N 102.55°W,22:45,N/A,N/A,A tornado damaged grain bins.,[96]
EFU,S of Lochbuie,Adams,CO,39°59′N 104°43′W﻿ / ﻿39.99°N 104.72°W,22:58–23:03,N/A,N/A,A tornado occurred over open fields.,[94]
EFU,N of Hudson,Weld,CO,40°05′N 104°38′W﻿ / ﻿40.09°N 104.64°W,23:05,N/A,N/A,A brief tornado occurred over open fields.,[94]
EFU,SSW of Clarkville,Yuma,CO,40°22′N 102°38′W﻿ / ﻿40.36°N 102.63°W,23:25,N/A,N/A,A weak tornado touched down multiple times over open fields.,[97]
EF1,NE of Bunker Hill,Miami,IN,40°41′06″N 86°02′31″W﻿ / ﻿40.685°N 86.042°W,23:34–23:38,0.55 mi (0.89 km),50 yd (46 m),Two residences sustained shingle and siding damage. The tornado also bent a television tower and snapped or uprooted numerous trees.,[98]
EFU,SSE of Paoli,Phillips,CO,40°27′N 102°26′W﻿ / ﻿40.45°N 102.44°W,23:51,N/A,N/A,A brief tornado occurred over open fields.,[94]
EF3,N of Macy to SSE of Silver Lake,"Miami, Fulton",IN,40°59′N 86°08′W﻿ / ﻿40.98°N 86.13°W,23:51–00:18,14 mi (23 km),800 yd (730 m),"Tornado damaged multiple homes and farmsteads. A well-built barn and several silos were destroyed, and a hog confinement facility suffered extensive damage. A two-story home was completely leveled with debris scattered downstream. A satellite tornado destroyed a grain silo and barn near Macy.",[98]
EFU,ENE of Clarkville,Yuma,CO,40°25′N 102°24′W﻿ / ﻿40.42°N 102.40°W,23:53,N/A,N/A,A brief tornado with multiple surface circulations was observed by storm chasers.,[99]
EF2,Pendleton,Madison,IN,39°59′55″N 85°45′18″W﻿ / ﻿39.9985°N 85.7549°W,00:05–?,5.98 mi (9.62 km),100 yd (91 m),"Three homes sustained EF2 damage, two had their roofs blown off and the third had an exterior wall collapse. One person was injured.",[100]
EF2,SSW of Somerset,Grant,IN,40°38′13″N 85°50′46″W﻿ / ﻿40.637°N 85.846°W,00:10–00:16,4.2 mi (6.8 km),150 yd (140 m),Tornado damaged multiple homes and farmsteads. A well-built barn and several silos were destroyed.,[98]
EF1,NW of Manchester,Wabash,IN,41°01′30″N 85°47′31″W﻿ / ﻿41.025°N 85.792°W,00:26–00:30,2 mi (3.2 km),50 yd (46 m),"A short-lived tornado damaged one home, largely destroyed a shed, and damaged trees.",[98]
EF1,S of Middletown,Henry,IN,40°01′59″N 85°31′52″W﻿ / ﻿40.033°N 85.531°W,00:28,0.17 mi (0.27 km),50 yd (46 m),A brief tornado snapped or uprooted numerous large trees.,[101]
EFU,ESE of Holyoke,Phillips,CO,40°31′N 102°36′W﻿ / ﻿40.52°N 102.60°W,00:32,N/A,N/A,A brief tornado occurred over open fields.,[94]
EF1,ESE of Middletown,Henry,IN,40°02′53″N 85°29′24″W﻿ / ﻿40.048°N 85.49°W,00:39,2.91 mi (4.68 km),"1,400 yd (1,300 m)",A large though short-lived tornado snapped or uprooted numerous trees. A few homes sustained roof damage.,[102]
EF0,SE of Lamar,Chase,NE,40°32′N 101°56′W﻿ / ﻿40.54°N 101.94°W,00:43,0.2 mi (0.32 km),25 yd (23 m),A brief tornado occurred over open fields,[103]
EF3,N of Roll to S of Nottingham,"Blackford, Wells",IN,40°34′37″N 85°23′31″W﻿ / ﻿40.577°N 85.392°W,00:59–01:23,12.8 mi (20.6 km),"1,200 yd (1,100 m)","A well built structure at a dairy farm was largely destroyed; several cows died on the farm. Farther east, the tornado toppled a transmission tower. Numerous other buildings suffered EF0 to EF2 damage. Many trees were snapped or uprooted.",[98]
EF1,NW of Imperial,Chase,NE,40°35′N 101°44′W﻿ / ﻿40.59°N 101.73°W,01:23–01:35,5 mi (8.0 km),250 yd (230 m),A tornado damaged or overturned multiple irrigation pivots,[103]
EF0,N of Imperial,Chase,NE,N/A,01:37,0.5 mi (0.80 km),50 yd (46 m),A brief tornado overturned an irrigation pivot,[103]
EF1,S of Hollansburg,Darke,OH,39°58′14″N 84°48′38″W﻿ / ﻿39.9705°N 84.8105°W,01:48–01:50,1.5 mi (2.4 km),10 yd (9.1 m),A barn was destroyed and multiple homes sustained minor damage.,[104]
EF1,New Madison,Darke,OH,39°58′03″N 84°42′55″W﻿ / ﻿39.9675°N 84.7152°W,02:04–02:06,0.7 mi (1.1 km),250 yd (230 m),"Significant portions of roofing were uplifted at a lumber yard storage building; other structures suffered more minor roof damage. A downtown business suffered damage to its front facade, in addition to broken windows and some uplift of its roof. Numerous large tree branches were damaged.",[105]
EF0,NNE of Imperial,Chase,NE,40°40′N 101°34′W﻿ / ﻿40.66°N 101.56°W,02:05–02:06,0.2 mi (0.32 km),25 yd (23 m),A brief tornado overturned a few irrigation pivots,[103]
EF3,Celina,Mercer,OH,40°33′05″N 84°41′28″W﻿ / ﻿40.5515°N 84.6911°W,02:02–02:17,11 mi (18 km),250 yd (230 m),"1 death – A tornado caused major damage across Celina at EF3 intensity. At least 40 homes were severely damaged or destroyed, with the worst damage occurring in the Wheatland Acres neighborhood, the Bruns Subdivision, and Fairground Road. News outlets reported leveled homes and cars flipped over. Local authorities closed off northwestern portions of Celina, allowing access only to emergency personnel and residents. One person was killed when his vehicle was tossed into his home. At least 12 people were injured, with seven requiring hospitalization.",[106][107][108]
EF3,West Milton,Miami,OH,39°58′33″N 84°28′04″W﻿ / ﻿39.9759°N 84.4679°W,02:25–02:44,10.8 mi (17.4 km),"1,320 yd (1,210 m)","Numerous homes had their roofs ripped off, and several had their exterior walls collapsed. While garage failure was a common cause for the exterior wall collapse, some well-built homes exhibited similar damage consistent with an EF3 tornado. A tractor trailer was flipped over, resulting in one injury. A trailer was completely demolished, numerous trees were snapped or uprooted, and a full-sized camper was tossed into a garage.",[109]
EF4,Brookville to Riverside,Montgomery,OH,39°49′27″N 84°27′47″W﻿ / ﻿39.8243°N 84.463°W,02:41–03:13,20 mi (32 km),"1,056 yd (966 m)",See section on this tornado,[110]
EF0,SSE of Uniopolis,Auglaize,OH,40°34′01″N 84°06′34″W﻿ / ﻿40.5670°N 84.1095°W,02:47–02:54,4 mi (6.4 km),150 yd (140 m),"One barn was destroyed and another damaged with debris being carried over 100 yd (91 m) yards. A small shed and the roofing of an outbuilding were damaged, and several trees were snapped or uprooted.",[111]
EF0,S of Troy,Miami,OH,39°59′41″N 84°14′27″W﻿ / ﻿39.9947°N 84.2407°W,02:47–03:03,5.7 mi (9.2 km),200 yd (180 m),Minor tree and roof damage occurred.,[112]
EF0,Waynesfield,Auglaize,OH,40°36′18″N 83°58′31″W﻿ / ﻿40.6051°N 83.9754°W,03:01–03:02,0.23 mi (0.37 km),30 yd (27 m),A short-lived tornado snapped small trees and damaged ceiling tiles inside the Waynesfield-Goshen High School.,[113]
EF0,Elizabeth Township,Miami,OH,40°00′24″N 84°03′34″W﻿ / ﻿40.0066°N 84.0594°W,03:08–03:09,1.1 mi (1.8 km),50 yd (46 m),"Several trees were snapped or uprooted. Roofing debris was collected in a row of fencing, suggesting minor structural damage.",[114]
EF3,Riverside to Beavercreek to N of Xenia,"Montgomery, Greene",OH,39°46′08″N 84°06′33″W﻿ / ﻿39.7690°N 84.1092°W,03:12–03:32,10 mi (16 km),"1,232 yd (1,127 m)","This tornado produced two areas of EF3 damage in the Beavercreek area. The first was near I-675 where several homes lost their roofs and had exterior walls collapsed. At the second location, several apartment buildings lost large sections of their roofs and exterior walls on the upper floors collapsed. Other homes lost roofs as well and several concrete block businesses suffered lifted roofs and partial collapse of exterior walls. Along much of the rest of the path, damage was consistent with EF0 to low EF1 intensity.",[115]
EF0,Phillipsburg,"Montgomery, Miami",OH,39°55′36″N 84°24′40″W﻿ / ﻿39.9266°N 84.4112°W,03:19–03:24,3.0 mi (4.8 km),50 yd (46 m),"The tornado caused minor damage to farm equipment. Nearby, roof and tree damage was also observed.",[116]
EF0,NE of Belle Center,Hardin,OH,40°33′37″N 83°42′46″W﻿ / ﻿40.5603°N 83.7127°W,03:28–03:30,2.1 mi (3.4 km),50 yd (46 m),A short-lived tornado primarily damaged trees. One barn had its roof partially removed and doors blown off.,[117]
EF2,ESE of Englewood,Montgomery,OH,39°51′42″N 84°15′02″W﻿ / ﻿39.8618°N 84.2506°W,03:34–03:45,7.6 mi (12.2 km),440 yd (400 m),This tornado impacted areas roughly 2.5 mi (4.0 km) north of the previous tornado approximately 40 minutes later.,[118][119]
EF1,NE of Jamestown,Greene,OH,39°42′24″N 83°44′03″W﻿ / ﻿39.7068°N 83.7342°W,03:48–03:57,5.4 mi (8.7 km),250 yd (230 m),Damage was primarily limited to trees. Some homes sustained roof and siding damage and one carport was destroyed.,[120]
EF2,NE of Jamestown,Greene,OH,39°41′18″N 82°54′21″W﻿ / ﻿39.6883°N 82.9059°W,04:23–04:32,4.2 mi (6.8 km),250 yd (230 m),"This tornado snapped hardwood trees while destroying one residence's shed. Metal from that shed was blown into the surrounding field. A second story of a house had much of its roof removed and had multiple interior walls collapsed. Farther east, a roof was ripped off a barn and another shed was destroyed.",[121]
EF1,W of Wapakoneta,Auglaize,OH,40°33′35″N 84°15′33″W﻿ / ﻿40.5597°N 84.2593°W,04:33–04:35,1.3 mi (2.1 km),150 yd (140 m),"An EF1 tornado caused extensive damage to various buildings. A barn suffered significant damage and parts of a home were sheared away near the point of initial touchdown. Several nearby trees were snapped. As the tornado progressed, four more barns were destroyd and nearby power poles were damaged. The tornado lifted briefly for 150 yd (140 m) before traversing ground oncemore, destroying an outbuilding and injuring a truck driver with the resulting debris.",[122]
EF0,SE of Circleville,Pickaway,OH,39°33′03″N 82°54′21″W﻿ / ﻿39.5509°N 82.9059°W,05:00–05:05,2.4 mi (3.9 km),75 yd (69 m),A tornado caused significant damage to homes south of Circleville. Multiple semi-trailers were blown over and large trees were uprooted.,[123]
EF1,S of Tarlton,Pickaway,OH,39°30′57″N 83°43′37″W﻿ / ﻿39.5157°N 83.7269°W,05:09–05:11,1.5 mi (2.4 km),75 yd (69 m),At least one home and a barn were damaged.,[124]
EF2,NE of Laurelville,Hocking,OH,39°30′46″N 82°43′38″W﻿ / ﻿39.5128°N 82.7271°W,05:17–05:28,5.3 mi (8.5 km),400 yd (370 m),"One home had its second story, as well as its garage, completely destroyed. Several other homes sustained lesser structural damage. Significant and severe tree damage was observed, including some trees that were debarked. A large propane tank was thrown 20–30 ft (6.1–9.1 m), and a 7,000 lb (3,200 kg) truck was tossed into a house. A mobile home was severed in half by a fallen tree.",[125]
EF1,Roseville,"Perry, Muskingum",OH,39°48′49″N 82°06′08″W﻿ / ﻿39.8137°N 82.1023°W,05:35,1.6 mi (2.6 km),700 yd (640 m),Over 90 trees were snapped or uprooted. Several homes sustained damage due to fallen trees. A tractor trailer was overturned while a shed and other outdoor equipment was destroyed.,[126][127]
EF0,NW of Zaleski,Vinton,OH,39°20′06″N 82°26′09″W﻿ / ﻿39.3349°N 82.4358°W,06:30,0.1 mi (0.16 km),100 yd (91 m),A brief tornado caused tree damage,[126]
EF0,Penn Run,Indiana,PA,40°36′47″N 79°01′54″W﻿ / ﻿40.6131°N 79.0317°W,19:45,0.25 mi (0.40 km),30 yd (27 m),A brief tornado snapped several trees.,[128]
EF1,ENE of Ulster Township,Bradford,PA,41°52′01″N 76°25′50″W﻿ / ﻿41.8669°N 76.4306°W,20:50–20:57,3.2 mi (5.1 km),200 yd (180 m),"Upon developing, the tornado's inflow overturned a trailer and dragged it towards the twister's circulation. Several hardwood trees were snapped and several homes were damaged.",[129]
EF2,Morgantown,"Lancaster, Berks",PA,40°09′32″N 75°54′35″W﻿ / ﻿40.1589°N 75.9096°W,21:52–22:00,2.6 mi (4.2 km),400 yd (370 m),"The roof of a barn at a turkey farm was lofted, and 40 turkeys were killed. Outbuildings were severely damaged or destroyed, and a tractor trailer was overturned and dragged 40 ft (12 m). At least a dozen other vehicles were damaged, moved, or rolled, and many trees were snapped or uprooted with some falling on a house. Two homes sustained substantial wall damage, and others suffered roof or window damage.",[130]
EF0,Falls Township,Wyoming,PA,41°29′06″N 75°52′16″W﻿ / ﻿41.4849°N 75.8712°W,22:10–22:13,1.6 mi (2.6 km),75 yd (69 m),Dozens of trees were snapped or uprooted. A utility pole was snapped. A resident outside their home during the tornado suffered minor injuries from flying debris.,[129]
EF1,SW of Waverly Township,Lackawanna,PA,41°27′38″N 75°47′23″W﻿ / ﻿41.4606°N 75.7898°W,22:18–22:21,0.78 mi (1.26 km),125 yd (114 m),A barn was unroofed and a church was damaged. Several homes and sheds were damaged.,[129]
EF2,W of Waldo to S of Tipton,"Russell, Osborne, Jewell, Mitchell",KS,39°07′N 98°51′W﻿ / ﻿39.12°N 98.85°W,22:20–23:03,24.2 mi (38.9 km),880 yd (800 m),"A large tornado destroyed a grain bin, outbuildings, and sheds at three farmsteads. Power poles were damaged and trees were snapped and uprooted.",[131][132]
EF2,SE of Overbrook to S of Lone Star,"Osage, Douglas",KS,38°45′14″N 95°31′05″W﻿ / ﻿38.754°N 95.518°W,22:49–23:06,11 mi (18 km),100 yd (91 m),"A tornado produced sporadic damage; two vehicles were struck by the tornado, injuring 12 before the tornado lifted.",[133]
EF4,ENE of Overbrook to Linwood to W of Bonner Springs,"Douglas, Leavenworth",KS,38°48′43″N 95°24′44″W﻿ / ﻿38.8119°N 95.4123°W,23:05–00:00,31.82 mi (51.21 km),"1,760 yd (1,610 m)","A large tornado caused major damage just south of Lawrence. News media estimated the tornado to be upwards of 1 mi (1.6 km) wide before it became rain-wrapped. Vehicles were overturned on the K-10 freeway, and there was major damage to homes in the Douglas County area. A tornado emergency was issued for the town of Linwood as it made a direct hit on the town, with reports of “catastrophic” damage. A debris ball was also noted on radar. There was major damage to houses, trees, and power-lines in Douglas County and Leavenworth County. Some homes were even swept off the property. At least 18 injuries have been reported.",[134][135]
EF1,Stanhope,Sussex,NJ,40°55′N 74°42′W﻿ / ﻿40.92°N 74.70°W,00:30–00:31,1.2 mi (1.9 km),350 yd (320 m),A tornado caused significant damage to the Lenape Valley High School and injured occupants. People required rescue from the structure.,[130]
EF2,SSE of Kearney,Clay,MO,39°20′30″N 94°20′01″W﻿ / ﻿39.3416°N 94.3335°W,00:58–01:20,5.84 mi (9.40 km),400 yd (370 m),Another large tornado developed from the supercell which produced the Linwood tornado. Major damage was reported to homes in Kearney,[136]
EF1,NE of Miner,Scott,MO,36°55′N 89°32′W﻿ / ﻿36.91°N 89.53°W,13:44–13:46,0.9 mi (1.4 km),75 yd (69 m),"One home was substantially damaged, with a large section of its roof ripped off and its siding damaged. Several smaller outbuildings, porches, or similar structures had portions of their roofs and walls damaged as well. A couple dozen trees were snapped or uprooted. Outside equipment such as pools, swing sets, and fences were displaced.",[137]
EF0,ESE of Whitneyville,Tioga,PA,41°46′12″N 77°11′07″W﻿ / ﻿41.7701°N 77.1852°W,18:10,1 mi (1.6 km),50 yd (46 m),"Significant damage to a barn, a trampoline, and trees occurred.",[138]
EF0,SE of Eagle Mountain,Tarrant,TX,32°52′00″N 97°25′12″W﻿ / ﻿32.8667°N 97.4199°W,18:19–18:26,3.87 mi (6.23 km),200 yd (180 m),"A home was damaged in the Villages of Eagle Mountain subdivision. In the Saginaw area, trees were snapped and business signs and power poles were bent.",[139]
EF0,SW of Krum,Denton,TX,33°15′26″N 97°14′27″W﻿ / ﻿33.2571°N 97.2409°W,18:22–18:31,3.72 mi (5.99 km),250 yd (230 m),Tree and isolated power line damage occurred in the Krum area.,[139]
EF1,SSE of Haslet,Tarrant,TX,32°54′41″N 97°18′23″W﻿ / ﻿32.9115°N 97.3065°W,18:31–18:34,0.45 mi (0.72 km),300 yd (270 m),"A brief tornado caused damage to an eight-block area, resulting in loss of roof cover and broken windows within the subdivision.",[139]
EF0,Lower Milford Township,"Lehigh, Bucks",PA,40°26′48″N 75°29′16″W﻿ / ﻿40.4468°N 75.4877°W,19:14–19:21,2.3 mi (3.7 km),50 yd (46 m),Trees were snapped or uprooted by the tornado; one home sustained roof damage from a fallen tree.,[140]
EF0,Dushore,Sullivan,PA,41°32′04″N 76°22′10″W﻿ / ﻿41.5345°N 76.3695°W,19:20–19:25,0.2 mi (0.32 km),50 yd (46 m),Significant tree damage occurred.,[141]
EF0,E of Rockwall,Rockwall,TX,32°55′29″N 96°26′24″W﻿ / ﻿32.9247°N 96.44°W,19:58–20:03,3.06 mi (4.92 km),25 yd (23 m),"A tornado caused damage to an athletic complex, where minor damage was inflicted to the site facilities. The tornado later crossed Rockwall Municipal Airport without causing damage.",[139]
EF0,SSW of Canton,Van Zandt,TX,32°29′23″N 95°53′18″W﻿ / ﻿32.4897°N 95.8883°W,20:07–20:14,2.96 mi (4.76 km),100 yd (91 m),A home sustained shingle damage and tree branches were broken.,[139]
EF1,Wells Tannery area,Fulton,PA,40°05′N 78°11′W﻿ / ﻿40.09°N 78.18°W,20:10–20:12,0.75 mi (1.21 km),50 yd (46 m),A roof was torn off of a barn and a household's roof was damaged. Dozens of trees were blown down.,[142]
EF1,ESE of Newport,Perry,PA,40°27′N 77°07′W﻿ / ﻿40.45°N 77.12°W,20:14–20:19,4.8 mi (7.7 km),300 yd (270 m),"Hundreds of trees were snapped or downed, including one that fell on a pickup truck. Tree limbs were downed onto house roofs as well.",[143]
EF0,NE of Canton,Van Zandt,TX,32°35′20″N 95°49′48″W﻿ / ﻿32.589°N 95.83°W,20:17–20:18,0.24 mi (0.39 km),50 yd (46 m),"Debris was lofted by a tornado at an intersection traversed by a 2017 tornado, making its path difficult to assess.",[139]
EF1,Matamoras,Dauphin,PA,40°26′N 76°56′W﻿ / ﻿40.44°N 76.93°W,20:24–20:28,2.5 mi (4.0 km),500 yd (460 m),Many trees were snapped or uprooted.,[144]
EF0,SW of Yantis,Wood,TX,32°52′40″N 95°38′04″W﻿ / ﻿32.8777°N 95.6344°W,20:36–20:45,3.38 mi (5.44 km),100 yd (91 m),The tin sheeting on a trailer was peeled by a tornado. Trees were also uprooted and limbs downed.[145]
EF0,SSW of Schaller,Sac,IA,N/A,21:00–21:06,1.23 mi (1.98 km),N/A,Very preliminary information,[146][147]
EF0,S of Early,Sac,IA,N/A,21:11–21:14,0.65 mi (1.05 km),N/A,Very preliminary information.,[147]
EF0,SW of Millerton,McCurtain,OK,33°56′50″N 95°03′12″W﻿ / ﻿33.9471°N 95.0533°W,21:21–21:22,1.06 mi (1.71 km),75 yd (69 m),Storm spotters reported a brief tornado over open pasture. No damage occurred.,[145]
EF2,Kemp to Mabank,Van Zandt,TX,32°22′06″N 96°12′45″W﻿ / ﻿32.3683°N 96.2125°W,21:24–21:30,4.01 mi (6.45 km),215 yd (197 m),"Along Cedar Creek Reservoir, widespread tree damage occurred. A home was partially unroofed amid uprooted and snapped trees.",[139]
EF0,NNW of Stonington,Christian,IL,39°41′N 89°13′W﻿ / ﻿39.69°N 89.22°W,21:28–21:30,N/A,20 yd (18 m),A landspout tornado caused no damage.,[56]
EF0,N of Edinburg,Christian,IL,39°44′N 89°24′W﻿ / ﻿39.74°N 89.40°W,21:30–21:32,N/A,20 yd (18 m),A landspout tornado caused no damage.,[56]
EF0,NE of Stonington,Christian,IL,39°41′N 89°10′W﻿ / ﻿39.69°N 89.16°W,21:35–21:38,N/A,20 yd (18 m),A landspout tornado caused no damage.,[56]
EF0,N of Pocahontas,Pocahontas,IA,N/A,21:49–21:56,0.42 mi (0.68 km),N/A,Very preliminary information,[147]
EF0,E of Blue Mound,Macon,IL,39°42′N 89°05′W﻿ / ﻿39.70°N 89.08°W,21:50–21:56,N/A,20 yd (18 m),A landspout tornado caused no damage.,[56]
EF2,WSW of Canton,Van Zandt,TX,32°28′59″N 96°00′04″W﻿ / ﻿32.4831°N 96.0012°W,21:51–22:00,7.24 mi (11.65 km),700 yd (640 m),"A large tornado damaged several homes, causing significant roof loss. A manufactured home was destroyed and displaced far from its foundation. Tree damage was observed towards the end of the tornado's path as the twister dissipated before reaching Canton.",[139]
EF2,E of Winnsboro,"Wood, Franklin",TX,32°55′22″N 95°14′50″W﻿ / ﻿32.9229°N 95.2473°W,21:50–22:12,9.09 mi (14.63 km),850 yd (780 m),"A strong tornado snapped and uprooted trees, lifted the roof off a manufactured home, and destroyed an outbuilding and a large poultry farm.",[145]
EF1,W of Canton,Van Zandt,TX,32°32′41″N 95°53′04″W﻿ / ﻿32.5447°N 95.8844°W,22:08–22:15,2.33 mi (3.75 km),140 yd (130 m),"Widespread tree damage occurred in southwestern Canton. In the downtown area, several businesses suffered structural damage near Interstate 20.",[139]
EF0,NNE of Ravenden,Randolph,AR,36°16′31″N 91°13′06″W﻿ / ﻿36.2753°N 91.2183°W,22:16–22:20,0.62 mi (1.00 km),75 yd (69 m),A brief tornado damaged a mobile home and an outbuilding as well as adjacent trees.,[148]
EF1,NE of Canton,Van Zandt,TX,32°34′49″N 95°48′58″W﻿ / ﻿32.5804°N 95.8161°W,22:18–22:23,3.81 mi (6.13 km),25 yd (23 m)},Damage from a tornado was primarily limited to vegetation. Minor damage was inflicted to a property.,[139]
EF0,NW of Leonard,Fannin,TX,33°25′02″N 96°16′44″W﻿ / ﻿33.4171°N 96.2788°W,22:31–22:47,10.84 mi (17.45 km),300 yd (270 m),"A tornado was embedded within a 25 mi (40 km) swath of straight-line wind damage with winds up to 100 mph (160 km/h). The tornado itself produced winds estimated at 80 mph (130 km/h), causing minor structural damage to homes and outbuildings in addition to snapping and uprooting several trees.",[139]
EF0,SE of Bradgate,Humboldt,IA,N/A,23:21–23:24,0.54 mi (0.87 km),N/A,Very preliminary information.,[147]
EF0,SE of Victor,Iowa,IA,41°42′53″N 92°16′16″W﻿ / ﻿41.7147°N 92.2711°W,23:23–23:24,0.07 mi (0.11 km),20 yd (18 m),A tornado confirmed via video remained in open fields and caused no damage.,[149]
EF1,NNE of Barnes City,Poweshiek,IA,N/A,00:01–00:14,3.53 mi (5.68 km),N/A,Very preliminary information. One person was injured.,[147]
EF0,NE of Deep River,Poweshiek,IA,N/A,00:28–00:32,0.9 mi (1.4 km),N/A,Very preliminary information,[147]
EF0,ESE of Garden City,Hardin,IA,N/A,00:37–00:41,1.11 mi (1.79 km),N/A,Very preliminary information,[147]
EF0,SE of Guernsey,Poweshiek,IA,N/A,00:39–00:43,0.95 mi (1.53 km),N/A,Very preliminary information,[147]
EF0,E of Guernsey,Iowa,IA,41°38′37″N 92°15′48″W﻿ / ﻿41.6435°N 92.2633°W,00:46–00:58,3.34 mi (5.38 km),20 yd (18 m),A tornado caused minor tree damage.,[149]
EF0,NW of Kalona,Johnson,IA,41°30′49″N 91°47′32″W﻿ / ﻿41.5137°N 91.7923°W,01:13–01:14,0.3 mi (0.48 km),20 yd (18 m),Tree damage was inflicted to a farm field.,[149]
EF0,E of New Providence,Hardin,IA,N/A,01:15–01:19,1.23 mi (1.98 km),N/A,Very preliminary information,[147]
EF0,SW of Eldora,Hardin,IA,N/A,01:29–01:31,0.57 mi (0.92 km),N/A,Very preliminary information,[147]
EF0,WNW of Owasa,Hardin,IA,N/A,01:31–01:36,1.33 mi (2.14 km),N/A,Very preliminary information,[147]
EF0,E of Steamboat Rock,Hardin,IA,N/A,01:54–01:56,0.66 mi (1.06 km),N/A,Very preliminary information,[147]
EF0,ENE of Ballenger Creek,Frederick,MD,39°22′59″N 77°22′55″W﻿ / ﻿39.383°N 77.382°W,18:48–18:59,6.5 mi (10.5 km),75 yd (69 m),Trees were snapped and uprooted along the tornado's path. No structural damage occurred.,[150]
EF1,WSW of Glenelg,Howard,MD,39°15′29″N 77°01′37″W﻿ / ﻿39.258°N 77.027°W,19:20–19:27,4.5 mi (7.2 km),100 yd (91 m),"Sections of roof decking was ripped from homes, trees were snapped or uprooted, and power lines were downed. Loose outdoor objects were tossed hundreds of feet. A highway maintenance facility had its tin roofing removed, sustained damage to its roof framing, saw a large section of fabric ripped from a salt dome, and had its garage bay doors destroyed. Outside fencing was damaged. A section of barn roofing was removed before the tornado lifted.",[151]
